<application>
  <component name="FileTypeManager" version="19">
    <extensionMap>
      <mapping pattern="reggie_take_out" type="AUTO_DETECTED" />
      <mapping ext="lic" type="PLAIN_TEXT" />
      <mapping ext="original" type="PLAIN_TEXT" />
      <removed_mapping ext="apk" approved="true" type="ARCHIVE" />
      <removed_mapping ext="dockerignore" approved="true" type="DockerIgnore file" />
      <removed_mapping ext="ignore" approved="true" type="IgnoreLang file" />
      <removed_mapping ext="log" approved="true" type="PLAIN_TEXT" />
      <removed_mapping ext="pdf" approved="true" type="Native" />
      <removed_mapping ext="psd" approved="true" type="Image" />
      <removed_mapping ext="rs" approved="true" type="Android RenderScript" />
    </extensionMap>
  </component>
</application>