<application>
  <component name="IntentionManagerSettings">
    <ignoreAction name="Language injection/Inject language or reference" />
    <ignoreAction name="Language injection/Uninject language or reference" />
    <ignoreAction name="Java/Other/Change access modifier" />
    <ignoreAction name="SQL/Convert to subquery" />
    <ignoreAction name="Java/Refactorings/Introduce local variable" />
    <ignoreAction name="Java/Annotations/Edit method contract" />
    <ignoreAction name="Kotlin/Converts the assignment statement to an expression" />
  </component>
</application>