<application>
  <component name="LanguageInjectionConfiguration">
    <injection language="HQL" injector-id="java">
      <display-name>Session.createQuery (org.hibernate)</display-name>
      <single-file value="true" />
      <place><![CDATA[psiParameter().ofMethod(0, psiMethod().withName("createQuery").definedInClass("org.hibernate.Session"))]]></place>
      <place><![CDATA[psiParameter().ofMethod(0, psiMethod().withName("createQuery").definedInClass("org.hibernate.query.QueryProducer"))]]></place>
      <place><![CDATA[psiParameter().ofMethod(0, psiMethod().withName("createQuery").definedInClass("org.hibernate.reactive.mutiny.Mutiny.Session"))]]></place>
      <place><![CDATA[psiParameter().ofMethod(0, psiMethod().withName("createQuery").definedInClass("org.hibernate.reactive.mutiny.Mutiny.StatelessSession"))]]></place>
      <place><![CDATA[psiParameter().ofMethod(0, psiMethod().withName("createQuery").definedInClass("org.hibernate.reactive.stage.Stage.Session"))]]></place>
      <place><![CDATA[psiParameter().ofMethod(0, psiMethod().withName("createQuery").definedInClass("org.hibernate.reactive.stage.Stage.StatelessSession"))]]></place>
      <place><![CDATA[psiParameter().ofMethod(0, psiMethod().withName("createQuery", "createSelectionQuery", "createMutationQuery").definedInClass("org.hibernate.query.QueryProducer"))]]></place>
    </injection>
  </component>
</application>