<application>
  <component name="LafManager">
    <laf themeId="MONOKAI" />
    <lafs-to-previous-schemes>
      <laf-to-scheme laf="Arc Dark (Material)" scheme="_@user_Arc Dark (Material)" />
      <laf-to-scheme laf="Atom One Dark (Material)" scheme="_@user_Atom One Dark (Material)" />
      <laf-to-scheme laf="Atom One Light (Material)" scheme="_@user_Atom One Light (Material)" />
      <laf-to-scheme laf="Dark" scheme="_@user_Dark" />
      <laf-to-scheme laf="Dracula (Material)" scheme="_@user_Dracula (Material)" />
      <laf-to-scheme laf="Light" scheme="_@user_Light" />
      <laf-to-scheme laf="Light Custom Theme (Material)" scheme="_@user_Darcula" />
      <laf-to-scheme laf="Light Owl (Material)" scheme="_@user_Light Owl (Material)" />
      <laf-to-scheme laf="Light with Light Header" scheme="_@user_Light" />
      <laf-to-scheme laf="Material Deep Ocean" scheme="_@user_Material Deep Ocean" />
      <laf-to-scheme laf="Material Forest" scheme="_@user_Material Forest" />
      <laf-to-scheme laf="Material Lighter" scheme="_@user_Material Lighter" />
      <laf-to-scheme laf="Material Oceanic" scheme="_@user_Material Oceanic" />
      <laf-to-scheme laf="Material Palenight" scheme="_@user_Material Palenight" />
      <laf-to-scheme laf="Material Sandy Beach" scheme="_@user_Material Sandy Beach" />
      <laf-to-scheme laf="Material Sky Blue" scheme="_@user_Material Sky Blue" />
      <laf-to-scheme laf="Material Space" scheme="_@user_Material Space" />
      <laf-to-scheme laf="Material Volcano" scheme="_@user_Material Volcano" />
      <laf-to-scheme laf="Moonlight (Material)" scheme="_@user_Moonlight (Material)" />
      <laf-to-scheme laf="Night Owl (Material)" scheme="_@user_Night Owl (Material)" />
      <laf-to-scheme laf="Solarized Dark (Material)" scheme="_@user_Solarized Dark (Material)" />
      <laf-to-scheme laf="Solarized Light (Material)" scheme="_@user_Solarized Light (Material)" />
      <laf-to-scheme laf="SynthWave '84 (Material)" scheme="_@user_SynthWave '84 (Material)" />
    </lafs-to-previous-schemes>
  </component>
</application>