<application>
  <component name="MaterialThemeConfig">
    <option name="isCompactMenus" value="true" />
    <option name="isWizardShown" value="true" />
    <option name="pristineConfig" value="false" />
    <option name="treeFontSizeEnabled" value="true" />
    <option name="tabFontSizeEnabled" value="true" />
    <option name="accentColor" value="ffd866" />
    <option name="secondAccentColor" />
    <option name="highlightColor" />
    <option name="focusColor" />
    <option name="selectedTheme" value="MONOKAI" />
    <option name="userId" value="-2a2e3a64:1882e523694:-8000" />
    <option name="version" value="8.13.2" />
  </component>
</application>