<application>
  <component name="PostfixTemplatesSettings">
    <option name="providerToDisabledTemplates">
      <disabled-templates provider="de.plushnikov.intellij.plugin.extension.postfix.LombokPostfixTemplateProvider">
        <value>
          <set>
            <option value="de.plushnikov.intellij.plugin.extension.postfix.LombokValPostfixTemplate#.val" />
            <option value="de.plushnikov.intellij.plugin.extension.postfix.LombokVarPostfixTemplate#.varl" />
          </set>
        </value>
      </disabled-templates>
    </option>
  </component>
</application>