<application>
  <component name="ProjectManager">
    <defaultProject>
      <component name="AutoImportSettings">
        <option name="autoReloadType" value="SELECTIVE" />
      </component>
      <component name="CodeInsightWorkspaceSettings">
        <option name="optimizeImportsOnTheFly" value="true" />
      </component>
      <component name="CompilerConfiguration">
        <bytecodeTargetLevel target="8" />
      </component>
      <component name="Encoding" defaultCharsetForPropertiesFiles="UTF-8">
        <file url="PROJECT" charset="UTF-8" />
      </component>
      <component name="InspectionProjectProfileManager">
        <profile version="1.0">
          <option name="myName" value="Project Default" />
          <inspection_tool class="SqlDialectInspection" enabled="false" level="WARNING" enabled_by_default="false" />
          <inspection_tool class="SqlNoDataSourceInspection" enabled="false" level="WARNING" enabled_by_default="false" />
          <inspection_tool class="SqlStorageInspection" enabled="false" level="WARNING" enabled_by_default="false" />
        </profile>
        <version value="1.0" />
      </component>
      <component name="KotlinCodeInsightWorkspaceSettings">
        <option name="optimizeImportsOnTheFly" value="true" />
      </component>
      <component name="MavenImportPreferences">
        <option name="generalSettings">
          <MavenGeneralSettings>
            <option name="alwaysUpdateSnapshots" value="true" />
            <option name="localRepository" value="D:\maven\repository" />
            <option name="mavenHome" value="D:/apache-maven-3.8.4" />
            <option name="userSettingsFile" value="D:\apache-maven-3.8.4\conf\settings.xml" />
          </MavenGeneralSettings>
        </option>
      </component>
      <component name="ProjectInspectionProfilesVisibleTreeState">
        <entry key="Project Default">
          <profile-state>
            <expanded-state>
              <State />
              <State>
                <id>Android</id>
              </State>
              <State>
                <id>LintAndroid</id>
              </State>
              <State>
                <id>SQL</id>
              </State>
            </expanded-state>
            <selected-state>
              <State>
                <id>SqlNoDataSourceInspection</id>
              </State>
            </selected-state>
          </profile-state>
        </entry>
      </component>
      <component name="ProjectRootManager" version="2" languageLevel="JDK_1_8" project-jdk-name="1.8" project-jdk-type="JavaSDK" />
      <component name="ProjectView">
        <navigator proportions="" version="1" />
        <panes />
      </component>
      <component name="ProjectViewState">
        <option name="hideEmptyMiddlePackages" value="true" />
        <option name="showExcludedFiles" value="false" />
        <option name="showScratchesAndConsoles" value="false" />
        <option name="sortByType" value="true" />
        <option name="sortKey" value="BY_TYPE" />
      </component>
      <component name="PropertiesComponent">{
  &quot;keyToString&quot;: {
    &quot;last_opened_file_path&quot;: &quot;E:/.work/hdsp-core&quot;,
    &quot;settings.editor.selected.configurable&quot;: &quot;reference.settingsdialog.project.gradle&quot;
  }
}</component>
      <component name="RunManager">
        <configuration default="true" type="SpringBootApplicationConfigurationType" factoryName="Spring Boot" activateToolWindowBeforeRun="false">
          <option name="ALTERNATIVE_JRE_PATH" value="1.8" />
          <option name="ALTERNATIVE_JRE_PATH_ENABLED" value="true" />
          <option name="INCLUDE_PROVIDED_SCOPE" value="false" />
          <option name="SPRING_BOOT_MAIN_CLASS" />
          <method v="2">
            <option name="Make" enabled="true" />
          </method>
        </configuration>
      </component>
      <component name="SvnConfiguration">
        <configuration>C:\Users\LK\AppData\Roaming\Subversion</configuration>
      </component>
      <component name="WindowStateProjectService">
        <state x="571" y="197" key="#SSH_Configurations" timestamp="1707192232662">
          <screen x="0" y="0" width="1707" height="912" />
        </state>
        <state x="571" y="197" key="#SSH_Configurations/0.0.1707.912" timestamp="1707192232662" />
        <state x="856" y="312" key="#SSH_Configurations/0.0.2560.1392" timestamp="1706425276626" />
        <state x="775" y="307" key="FileChooserDialogImpl" timestamp="1707192169237">
          <screen x="0" y="0" width="1707" height="912" />
        </state>
        <state x="775" y="307" key="FileChooserDialogImpl/0.0.1707.912" timestamp="1707192169237" />
        <state x="806" y="307" key="SettingsEditor" timestamp="1703069579530">
          <screen x="0" y="0" width="2560" height="1392" />
        </state>
        <state x="806" y="307" key="SettingsEditor/0.0.2560.1392" timestamp="1703069579530" />
      </component>
      <component name="masterDetails">
        <states>
          <state key="ProjectJDKs.UI">
            <settings>
              <last-edited>1.8</last-edited>
              <splitter-proportions>
                <option name="proportions">
                  <list>
                    <option value="0.2" />
                  </list>
                </option>
              </splitter-proportions>
            </settings>
          </state>
        </states>
      </component>
    </defaultProject>
  </component>
</application>