<application>
  <component name="CachedDictionaryState">
    <words>
      <w>businesskey</w>
      <w>ddemo</w>
      <w>dspring</w>
      <w>getdate</w>
      <w>handev</w>
      <w>hcbm</w>
      <w>hdsp</w>
      <w>hitf</w>
      <w>hlvh</w>
      <w>hlvl</w>
      <w>hmdp</w>
      <w>hpfm</w>
      <w>hzero</w>
      <w>kava</w>
      <w>maxcompute</w>
      <w>peeker</w>
      <w>propertites</w>
      <w>springdemo</w>
      <w>unkown</w>
      <w>wnsb</w>
      <w>xdsp</w>
      <w>xiexin</w>
    </words>
  </component>
</application>