<application>
  <component name="UISettings">
    <option name="CONSOLE_COMMAND_HISTORY_LIMIT" value="800" />
    <option name="EDITOR_TAB_LIMIT" value="30" />
    <option name="EDITOR_TAB_PLACEMENT" value="3" />
    <option name="HIDE_KNOWN_EXTENSION_IN_TABS" value="true" />
    <option name="MAX_LOOKUP_WIDTH2" value="907" />
    <option name="SHOW_DIRECTORY_FOR_NON_UNIQUE_FILENAMES" value="false" />
    <option name="SHOW_NAVIGATION_BAR_MEMBERS" value="false" />
    <option name="SHOW_TABS_TOOLTIPS" value="false" />
    <option name="UI_DENSITY" value="COMPACT" />
  </component>
</application>