<keymap version="1" name="NetBeans copy" parent="NetBeans 6.5">
  <action id="CloseContent">
    <keyboard-shortcut first-keystroke="ctrl f4" />
  </action>
  <action id="EditorSelectWord" />
  <action id="HippieBackwardCompletion" />
  <action id="Images.Thumbnails.Hide">
    <keyboard-shortcut first-keystroke="ctrl f4" />
  </action>
  <action id="SmartSelect" />
  <action id="TableResult.GrowSelection">
    <keyboard-shortcut first-keystroke="ctrl w" />
  </action>
  <action id="TableResult.SelectColumn" />
  <action id="Terminal.CloseTab">
    <keyboard-shortcut first-keystroke="ctrl f4" />
  </action>
  <action id="UsageFiltering.WriteAccess" />
  <action id="addQuickAction.Git.Commit">
    <keyboard-shortcut first-keystroke="ctrl k" />
  </action>
</keymap>