<keymap version="1" name="Windows 副本" parent="$default">
  <action id="ActivateBigDataToolWindowToolWindow">
    <keyboard-shortcut first-keystroke="shift ctrl alt b" />
  </action>
  <action id="ActivateCommitToolWindow" />
  <action id="ActivateDebugToolWindow">
    <keyboard-shortcut first-keystroke="alt 3" />
  </action>
  <action id="ActivateFindToolWindow" />
  <action id="CodeCompletion">
    <keyboard-shortcut first-keystroke="ctrl space" />
    <keyboard-shortcut first-keystroke="alt slash" />
    <keyboard-shortcut first-keystroke="shift space" />
  </action>
  <action id="EvaluateExpression">
    <keyboard-shortcut first-keystroke="alt f2" />
  </action>
  <action id="HippieCompletion" />
  <action id="Maven.AddFileAsMavenProject">
    <keyboard-shortcut first-keystroke="shift alt add" />
  </action>
  <action id="NewClass">
    <keyboard-shortcut first-keystroke="ctrl caps_lock" />
  </action>
  <action id="NewElementInMenuGroup">
    <keyboard-shortcut first-keystroke="shift caps_lock" />
  </action>
  <action id="Scala.ExpandImplicits">
    <keyboard-shortcut first-keystroke="shift ctrl alt minus" />
    <keyboard-shortcut first-keystroke="shift ctrl alt subtract" />
  </action>
  <action id="Scala.ShowImplicits">
    <keyboard-shortcut first-keystroke="shift ctrl alt equals" />
    <keyboard-shortcut first-keystroke="shift ctrl alt add" />
  </action>
  <action id="SelectInProjectView">
    <keyboard-shortcut first-keystroke="ctrl alt comma" />
  </action>
  <action id="Switcher">
    <keyboard-shortcut first-keystroke="ctrl tab" />
    <keyboard-shortcut first-keystroke="ctrl windows" />
  </action>
</keymap>