<profile version="1.0">
  <option name="myName" value="Default" />
  <inspection_tool class="AliAccessStaticViaInstance" enabled="true" level="WARNING" enabled_by_default="true" />
  <inspection_tool class="AliArrayNamingShouldHaveBracket" enabled="true" level="WARNING" enabled_by_default="true" />
  <inspection_tool class="AliControlFlowStatementWithoutBraces" enabled="true" level="WARNING" enabled_by_default="true" />
  <inspection_tool class="AliDeprecation" enabled="true" level="WARNING" enabled_by_default="true" />
  <inspection_tool class="AliEqualsAvoidNull" enabled="true" level="WARNING" enabled_by_default="true" />
  <inspection_tool class="AliLongLiteralsEndingWithLowercaseL" enabled="true" level="WARNING" enabled_by_default="true" />
  <inspection_tool class="AliMissingOverrideAnnotation" enabled="true" level="WARNING" enabled_by_default="true" />
  <inspection_tool class="AliWrapperTypeEquality" enabled="true" level="WARNING" enabled_by_default="true" />
  <inspection_tool class="AlibabaAbstractClassShouldStartWithAbstractNaming" enabled="true" level="WARNING" enabled_by_default="true" />
  <inspection_tool class="AlibabaAbstractMethodOrInterfaceMethodMustUseJavadoc" enabled="true" level="WARNING" enabled_by_default="true" />
  <inspection_tool class="AlibabaAvoidApacheBeanUtilsCopy" enabled="true" level="WARNING" enabled_by_default="true" />
  <inspection_tool class="AlibabaAvoidCallStaticSimpleDateFormat" enabled="true" level="WARNING" enabled_by_default="true" />
  <inspection_tool class="AlibabaAvoidCommentBehindStatement" enabled="true" level="WARNING" enabled_by_default="true" />
  <inspection_tool class="AlibabaAvoidComplexCondition" enabled="true" level="WARNING" enabled_by_default="true" />
  <inspection_tool class="AlibabaAvoidConcurrentCompetitionRandom" enabled="true" level="WARNING" enabled_by_default="true" />
  <inspection_tool class="AlibabaAvoidDoubleOrFloatEqualCompare" enabled="true" level="WARNING" enabled_by_default="true" />
  <inspection_tool class="AlibabaAvoidManuallyCreateThread" enabled="true" level="WARNING" enabled_by_default="true" />
  <inspection_tool class="AlibabaAvoidMissUseOfMathRandom" enabled="true" level="WARNING" enabled_by_default="true" />
  <inspection_tool class="AlibabaAvoidNegationOperator" enabled="true" level="WARNING" enabled_by_default="true" />
  <inspection_tool class="AlibabaAvoidNewDateGetTime" enabled="true" level="WARNING" enabled_by_default="true" />
  <inspection_tool class="AlibabaAvoidPatternCompileInMethod" enabled="true" level="WARNING" enabled_by_default="true" />
  <inspection_tool class="AlibabaAvoidReturnInFinally" enabled="true" level="WARNING" enabled_by_default="true" />
  <inspection_tool class="AlibabaAvoidStartWithDollarAndUnderLineNaming" enabled="true" level="WARNING" enabled_by_default="true" />
  <inspection_tool class="AlibabaAvoidUseTimer" enabled="true" level="WARNING" enabled_by_default="true" />
  <inspection_tool class="AlibabaBigDecimalAvoidDoubleConstructor" enabled="true" level="WARNING" enabled_by_default="true" />
  <inspection_tool class="AlibabaBooleanPropertyShouldNotStartWithIs" enabled="true" level="WARNING" enabled_by_default="true" />
  <inspection_tool class="AlibabaClassCastExceptionWithSubListToArrayList" enabled="true" level="WARNING" enabled_by_default="true" />
  <inspection_tool class="AlibabaClassCastExceptionWithToArray" enabled="true" level="WARNING" enabled_by_default="true" />
  <inspection_tool class="AlibabaClassMustHaveAuthor" enabled="false" level="WARNING" enabled_by_default="false" />
  <inspection_tool class="AlibabaClassNamingShouldBeCamel" enabled="true" level="WARNING" enabled_by_default="true" />
  <inspection_tool class="AlibabaCollectionInitShouldAssignCapacity" enabled="true" level="WARNING" enabled_by_default="true" />
  <inspection_tool class="AlibabaCommentsMustBeJavadocFormat" enabled="true" level="WARNING" enabled_by_default="true" />
  <inspection_tool class="AlibabaConcurrentExceptionWithModifyOriginSubList" enabled="true" level="WARNING" enabled_by_default="true" />
  <inspection_tool class="AlibabaConstantFieldShouldBeUpperCase" enabled="true" level="WARNING" enabled_by_default="true" />
  <inspection_tool class="AlibabaCountDownShouldInFinally" enabled="true" level="WARNING" enabled_by_default="true" />
  <inspection_tool class="AlibabaDontModifyInForeachCircle" enabled="true" level="WARNING" enabled_by_default="true" />
  <inspection_tool class="AlibabaEnumConstantsMustHaveComment" enabled="true" level="WARNING" enabled_by_default="true" />
  <inspection_tool class="AlibabaExceptionClassShouldEndWithException" enabled="true" level="WARNING" enabled_by_default="true" />
  <inspection_tool class="AlibabaIbatisMethodQueryForList" enabled="true" level="WARNING" enabled_by_default="true" />
  <inspection_tool class="AlibabaLockShouldWithTryFinally" enabled="true" level="WARNING" enabled_by_default="true" />
  <inspection_tool class="AlibabaLowerCamelCaseVariableNaming" enabled="true" level="WARNING" enabled_by_default="true" />
  <inspection_tool class="AlibabaMethodReturnWrapperType" enabled="true" level="WARNING" enabled_by_default="true" />
  <inspection_tool class="AlibabaMethodTooLong" enabled="true" level="WARNING" enabled_by_default="true" />
  <inspection_tool class="AlibabaPackageNaming" enabled="true" level="WARNING" enabled_by_default="true" />
  <inspection_tool class="AlibabaPojoMustOverrideToString" enabled="true" level="WARNING" enabled_by_default="true" />
  <inspection_tool class="AlibabaPojoMustUsePrimitiveField" enabled="true" level="WARNING" enabled_by_default="true" />
  <inspection_tool class="AlibabaPojoNoDefaultValue" enabled="true" level="WARNING" enabled_by_default="true" />
  <inspection_tool class="AlibabaRemoveCommentedCode" enabled="true" level="WARNING" enabled_by_default="true" />
  <inspection_tool class="AlibabaServiceOrDaoClassShouldEndWithImpl" enabled="true" level="WARNING" enabled_by_default="true" />
  <inspection_tool class="AlibabaSneakyThrowsWithoutExceptionType" enabled="true" level="WARNING" enabled_by_default="true" />
  <inspection_tool class="AlibabaStringConcat" enabled="true" level="WARNING" enabled_by_default="true" />
  <inspection_tool class="AlibabaSwitchExpression" enabled="true" level="WARNING" enabled_by_default="true" />
  <inspection_tool class="AlibabaSwitchStatement" enabled="true" level="WARNING" enabled_by_default="true" />
  <inspection_tool class="AlibabaTestClassShouldEndWithTestNaming" enabled="true" level="WARNING" enabled_by_default="true" />
  <inspection_tool class="AlibabaThreadLocalShouldRemove" enabled="true" level="WARNING" enabled_by_default="true" />
  <inspection_tool class="AlibabaThreadPoolCreation" enabled="true" level="WARNING" enabled_by_default="true" />
  <inspection_tool class="AlibabaThreadShouldSetName" enabled="true" level="WARNING" enabled_by_default="true" />
  <inspection_tool class="AlibabaTransactionMustHaveRollback" enabled="true" level="WARNING" enabled_by_default="true" />
  <inspection_tool class="AlibabaUndefineMagicConstant" enabled="true" level="WARNING" enabled_by_default="true" />
  <inspection_tool class="AlibabaUnsupportedExceptionWithModifyAsList" enabled="true" level="WARNING" enabled_by_default="true" />
  <inspection_tool class="AlibabaUseQuietReferenceNotation" enabled="true" level="WARNING" enabled_by_default="true" />
  <inspection_tool class="AlibabaUseRightCaseForDateFormat" enabled="true" level="WARNING" enabled_by_default="true" />
  <inspection_tool class="CommentedOutCode" enabled="true" level="WEAK WARNING" enabled_by_default="true">
    <option name="minLines" value="11" />
  </inspection_tool>
  <inspection_tool class="HttpUrlsUsage" enabled="false" level="WEAK WARNING" enabled_by_default="false" />
  <inspection_tool class="MapOrSetKeyShouldOverrideHashCodeEquals" enabled="true" level="WARNING" enabled_by_default="true" />
</profile>